"NAME","ID","BASIN","ISO_TIME_________","NATURE","LAT","LON","WMO WIND","WMO PRES","USA WIND","TOKYO WIND","TOKYO PRES","CMA WIND","CMA PRES","HKO WIND","HKO PRES"
"DOLORES","2021167N13265","EP","2021-06-16 06:00:00","NR","13.30","-95.40","15","1009"
"DOLORES","2021167N13265","EP","09:00:00","NR","13.29","-95.75","15","1009"
"DOLORES","2021167N13265","EP","12:00:00","NR","13.30","-96.10","15","1009"
"DOLORES","2021167N13265","EP","15:00:00","NR","13.34","-96.45","15","1009"
"DOLORES","2021167N13265","EP","18:00:00","NR","13.40","-96.80","15","1009"
"DOLORES","2021167N13265","EP","21:00:00","NR","13.44","-97.15","17","1009"
"DOLORES","2021167N13265","EP","2021-06-17 00:00:00","NR","13.50","-97.50","20","1009"
"DOLORES","2021167N13265","EP","03:00:00","NR","13.59","-97.85","20","1009"
"DOLORES","2021167N13265","EP","06:00:00","NR","13.70","-98.20","20","1009"
"DOLORES","2021167N13265","EP","09:00:00","NR","13.80","-98.54","20","1009"
"DOLORES","2021167N13265","EP","12:00:00","NR","13.90","-98.90","20","1009"
"DOLORES","2021167N13265","EP","15:00:00","NR","13.99","-99.29","22","1008"
"DOLORES","2021167N13265","EP","18:00:00","DS","14.10","-99.70","25","1007"
"DOLORES","2021167N13265","EP","21:00:00","DS","14.25","-100.11","27","1006"
"DOLORES","2021167N13265","EP","2021-06-18 00:00:00","DS","14.40","-100.50","30","1005"
"DOLORES","2021167N13265","EP","03:00:00","DS","14.50","-100.82","30","1005"
"DOLORES","2021167N13265","EP","06:00:00","TS","14.54","-101.14","30","1005"
"DOLORES","2021167N13265","EP","09:00:00","TS","14.60","-101.53","32","1004"
"DOLORES","2021167N13265","EP","12:00:00","TS","14.73","-101.86","35","1004"
"DOLORES","2021167N13265","EP","15:00:00","TS","14.97","-102.02","37","1002"
"DOLORES","2021167N13265","EP","18:00:00","TS","15.30","-102.10","40","1000"
"DOLORES","2021167N13265","EP","21:00:00","TS","15.59","-102.33","42","999"
"DOLORES","2021167N13265","EP","2021-06-19 00:00:00","TS","15.90","-102.60","45","998"
"DOLORES","2021167N13265","EP","03:00:00","TS","16.33","-102.80","47","996"
"DOLORES","2021167N13265","EP","06:00:00","TS","16.76","-103.00","50","995"
"DOLORES","2021167N13265","EP","09:00:00","TS","17.18","-103.24","55","992"
"DOLORES","2021167N13265","EP","12:00:00","TS","17.80","-103.50","60","990"
"DOLORES","2021167N13265","EP","15:00:00","TS","18.65","-103.77","55","993"
"DOLORES","2021167N13265","EP","18:00:00","TS","19.60","-104.00","50","997"
"DOLORES","2021167N13265","EP","21:00:00","TS","20.51","-104.17","40","999"
"DOLORES","2021167N13265","EP","2021-06-20 00:00:00","TS","21.40","-104.20","30","1001"
"DOLORES","2021167N13265","EP","03:00:00","TS","22.22","-104.05","25","1004"
"DOLORES","2021167N13265","EP","06:00:00","NR","23.00","-103.80","20","1008"
"NOT_NAMED","1907169N21067","NI","1907-06-18 00:00:00","TS","20.80","67.00","64"
"NOT_NAMED","1907169N21067","NI","03:00:00","TS","20.87","66.83","64"
"NOT_NAMED","1907169N21067","NI","06:00:00","TS","20.96","66.60","64"
"NOT_NAMED","1907169N21067","NI","09:00:00","TS","21.05","66.39","64"
"NOT_NAMED","1907169N21067","NI","12:00:00","TS","21.14","66.20","64"
"NOT_NAMED","1907169N21067","NI","15:00:00","TS","21.27","66.01","64"
"NOT_NAMED","1907169N21067","NI","18:00:00","TS","21.41","65.87","64"
"NOT_NAMED","1907169N21067","NI","21:00:00","TS","21.56","65.76","64"
"NOT_NAMED","1907169N21067","NI","1907-06-19 00:00:00","TS","21.71","65.71","64"
"NOT_NAMED","1907169N21067","NI","03:00:00","TS","21.90","65.74","64"
"NOT_NAMED","1907169N21067","NI","06:00:00","TS","22.09","65.82","64"
"NOT_NAMED","1907169N21067","NI","09:00:00","TS","22.30","65.92","64"
"NOT_NAMED","1907169N21067","NI","12:00:00","TS","22.50","66.03","64"
"NOT_NAMED","1907169N21067","NI","15:00:00","TS","22.70","66.15","64"
"NOT_NAMED","1907169N21067","NI","18:00:00","TS","22.88","66.25","64"
"NOT_NAMED","1907169N21067","NI","21:00:00","TS","23.04","66.35","64"
"NOT_NAMED","1907169N21067","NI","1907-06-20 00:00:00","TS","23.19","66.44","64"
"NOT_NAMED","1907169N21067","NI","03:00:00","NR","23.30","66.50",""
"GUILLERMO","2021198N13257","EP","2021-07-16 12:00:00","DS","13.50","-102.80","25","1008"
"GUILLERMO","2021198N13257","EP","15:00:00","DS","13.91","-103.50","25","1008"
"GUILLERMO","2021198N13257","EP","18:00:00","DS","14.30","-104.20","25","1008"
"GUILLERMO","2021198N13257","EP","21:00:00","DS","14.66","-104.90","27","1007"
"GUILLERMO","2021198N13257","EP","2021-07-17 00:00:00","DS","15.00","-105.60","30","1007"
"GUILLERMO","2021198N13257","EP","03:00:00","DS","15.35","-106.31","30","1007"
"GUILLERMO","2021198N13257","EP","06:00:00","DS","15.70","-107.00","30","1007"
"GUILLERMO","2021198N13257","EP","09:00:00","DS","16.06","-107.67","30","1007"
"GUILLERMO","2021198N13257","EP","12:00:00","TS","16.42","-108.32","30","1007"
"GUILLERMO","2021198N13257","EP","15:00:00","TS","16.68","-108.90","32","1005"
"GUILLERMO","2021198N13257","EP","18:00:00","TS","16.90","-109.44","35","1004"
"GUILLERMO","2021198N13257","EP","21:00:00","TS","17.09","-109.98","35","1004"
"GUILLERMO","2021198N13257","EP","2021-07-18 00:00:00","TS","17.26","-110.47","35","1004"
"GUILLERMO","2021198N13257","EP","03:00:00","TS","17.40","-110.84","40","1002"
"GUILLERMO","2021198N13257","EP","06:00:00","TS","17.56","-111.22","45","1000"
"GUILLERMO","2021198N13257","EP","09:00:00","TS","17.73","-111.68","45","1000"
"GUILLERMO","2021198N13257","EP","12:00:00","TS","17.92","-112.15","45","1000"
"GUILLERMO","2021198N13257","EP","15:00:00","TS","18.18","-112.70","47","999"
"GUILLERMO","2021198N13257","EP","18:00:00","TS","18.45","-113.34","50","999"
"GUILLERMO","2021198N13257","EP","21:00:00","TS","18.66","-114.05","47","1000"
"GUILLERMO","2021198N13257","EP","2021-07-19 00:00:00","TS","18.80","-114.80","45","1001"
"GUILLERMO","2021198N13257","EP","03:00:00","TS","18.89","-115.45","42","1002"
"GUILLERMO","2021198N13257","EP","06:00:00","TS","18.95","-116.05","40","1003"
"GUILLERMO","2021198N13257","EP","09:00:00","TS","19.02","-116.61","37","1004"
"GUILLERMO","2021198N13257","EP","12:00:00","TS","19.10","-117.25","35","1005"
"GUILLERMO","2021198N13257","EP","15:00:00","TS","19.20","-118.06","32","1006"
"GUILLERMO","2021198N13257","EP","18:00:00","TS","19.30","-119.00","30","1007"
"GUILLERMO","2021198N13257","EP","21:00:00","TS","19.39","-120.07","30","1007"
"GUILLERMO","2021198N13257","EP","2021-07-20 00:00:00","TS","19.40","-121.10","30","1007"
"GUILLERMO","2021198N13257","EP","03:00:00","TS","19.25","-121.89","30","1007"
"GUILLERMO","2021198N13257","EP","06:00:00","TS","19.10","-122.60","30","1007"
"GUILLERMO","2021198N13257","EP","09:00:00","TS","19.19","-123.40","30","1007"
"GUILLERMO","2021198N13257","EP","12:00:00","TS","19.25","-124.20","30","1007"
"GUILLERMO","2021198N13257","EP","15:00:00","TS","19.10","-124.96","30","1007"
"GUILLERMO","2021198N13257","EP","18:00:00","TS","18.80","-125.70","30","1007"
"JIMENA","2021207N14248","EP","2021-07-25 12:00:00","DS","13.70","-111.60","15",""
"JIMENA","2021207N14248","EP","15:00:00","DS","13.71","-112.02","15",""
"JIMENA","2021207N14248","EP","18:00:00","DS","13.70","-112.40","15",""
"JIMENA","2021207N14248","EP","21:00:00","DS","13.66","-112.72","15",""
"JIMENA","2021207N14248","EP","2021-07-26 00:00:00","DS","13.60","-113.00","15",""
"JIMENA","2021207N14248","EP","03:00:00","DS","13.56","-113.26","15",""
"JIMENA","2021207N14248","EP","06:00:00","DS","13.50","-113.50","15",""
"JIMENA","2021207N14248","EP","09:00:00","DS","13.40","-113.74","17",""
"JIMENA","2021207N14248","EP","12:00:00","DS","13.30","-114.00","20",""
"JIMENA","2021207N14248","EP","15:00:00","DS","13.24","-114.33","20",""
"JIMENA","2021207N14248","EP","18:00:00","DS","13.20","-114.70","20",""
"JIMENA","2021207N14248","EP","21:00:00","DS","13.15","-115.11","20",""
"JIMENA","2021207N14248","EP","2021-07-27 00:00:00","DS","13.10","-115.50","20","1008"
"JIMENA","2021207N14248","EP","03:00:00","DS","13.06","-115.82","20","1008"
"JIMENA","2021207N14248","EP","06:00:00","DS","13.00","-116.10","20","1008"
"JIMENA","2021207N14248","EP","09:00:00","DS","12.91","-116.37","20","1008"
"JIMENA","2021207N14248","EP","12:00:00","DS","12.80","-116.60","20","1008"
"JIMENA","2021207N14248","EP","15:00:00","DS","12.63","-116.74","20","1008"
"JIMENA","2021207N14248","EP","18:00:00","DS","12.50","-116.90","20","1008"
"JIMENA","2021207N14248","EP","21:00:00","DS","12.44","-117.16","22","1008"
"JIMENA","2021207N14248","EP","2021-07-28 00:00:00","DS","12.50","-117.50","25","1008"
"JIMENA","2021207N14248","EP","03:00:00","DS","12.72","-117.95","25","1008"
"JIMENA","2021207N14248","EP","06:00:00","DS","13.00","-118.40","25","1008"
"JIMENA","2021207N14248","EP","09:00:00","DS","13.21","-118.70","25","1008"
"JIMENA","2021207N14248","EP","12:00:00","DS","13.40","-119.00","25","1008"
"JIMENA","2021207N14248","EP","15:00:00","DS","13.58","-119.41","25","1008"
"JIMENA","2021207N14248","EP","18:00:00","DS","13.70","-119.90","25","1008"
"JIMENA","2021207N14248","EP","21:00:00","DS","13.73","-120.44","27","1007"
"JIMENA","2021207N14248","EP","2021-07-29 00:00:00","DS","13.70","-121.00","30","1007"
"JIMENA","2021207N14248","EP","03:00:00","DS","13.67","-121.54","30","1007"
"JIMENA","2021207N14248","EP","06:00:00","DS","13.60","-122.00","30","1007"
"JIMENA","2021207N14248","EP","09:00:00","DS","13.51","-122.32","30","1007"
"JIMENA","2021207N14248","EP","12:00:00","DS","13.40","-122.60","30","1007"
"JIMENA","2021207N14248","EP","15:00:00","DS","13.30","-122.96","30","1007"
"JIMENA","2021207N14248","EP","18:00:00","DS","13.20","-123.30","30","1007"
"JIMENA","2021207N14248","EP","21:00:00","DS","13.11","-123.56","30","1007"
"JIMENA","2021207N14248","EP","2021-07-30 00:00:00","DS","13.00","-123.80","30","1007"
"JIMENA","2021207N14248","EP","03:00:00","DS","12.85","-124.09","30","1007"
"JIMENA","2021207N14248","EP","06:00:00","DS","12.70","-124.40","30","1007"
"JIMENA","2021207N14248","EP","09:00:00","DS","12.58","-124.70","30","1007"
"JIMENA","2021207N14248","EP","12:00:00","DS","12.50","-125.00","30","1007"
"JIMENA","2021207N14248","EP","15:00:00","DS","12.45","-125.29","27","1007"
"JIMENA","2021207N14248","EP","18:00:00","TS","12.40","-125.60","25","1007"
"JIMENA","2021207N14248","EP","21:00:00","TS","12.36","-125.89","25","1007"
"JIMENA","2021207N14248","EP","2021-07-31 00:00:00","TS","12.35","-126.15","25","1007"
"JIMENA","2021207N14248","EP","03:00:00","TS","12.28","-126.44","25","1007"
"JIMENA","2021207N14248","EP","06:00:00","TS","12.17","-126.74","25","1008"
"JIMENA","2021207N14248","EP","09:00:00","TS","12.09","-127.01","25","1008"
"JIMENA","2021207N14248","EP","12:00:00","TS","11.98","-127.29","25","1008"
"JIMENA","2021207N14248","EP","15:00:00","TS","11.73","-127.61","25","1008"
"JIMENA","2021207N14248","EP","18:00:00","TS","11.51","-127.81","25","1008"
"JIMENA","2021207N14248","EP","21:00:00","TS","11.46","-127.71","25","1008"
"JIMENA","2021207N14248","EP","2021-08-01 00:00:00","TS","11.50","-127.50","25","1008"
"JIMENA","2021207N14248","EP","03:00:00","TS","11.52","-127.39","25","1008"
"JIMENA","2021207N14248","EP","06:00:00","TS","11.64","-127.33","25","1008"
"JIMENA","2021207N14248","EP","09:00:00","TS","11.92","-127.31","25","1008"
"JIMENA","2021207N14248","EP","12:00:00","DS","12.22","-127.39","25","1008"
"JIMENA","2021207N14248","EP","15:00:00","DS","12.37","-127.56","25","1008"
"JIMENA","2021207N14248","EP","18:00:00","DS","12.46","-127.83","25","1008"
"JIMENA","2021207N14248","EP","21:00:00","DS","12.54","-128.16","25","1008"
"JIMENA","2021207N14248","EP","2021-08-02 00:00:00","DS","12.60","-128.53","25","1008"
"JIMENA","2021207N14248","EP","03:00:00","DS","12.64","-128.95","25","1008"
"JIMENA","2021207N14248","EP","06:00:00","DS","12.69","-129.37","25","1008"
"JIMENA","2021207N14248","EP","09:00:00","DS","12.79","-129.75","25","1008"
"JIMENA","2021207N14248","EP","12:00:00","DS","12.89","-130.13","25","1008"
"JIMENA","2021207N14248","EP","15:00:00","DS","12.93","-130.56","27","1007"
"JIMENA","2021207N14248","EP","18:00:00","DS","12.95","-131.01","30","1007"
"JIMENA","2021207N14248","EP","21:00:00","DS","12.92","-131.47","30","1007"
"JIMENA","2021207N14248","EP","2021-08-03 00:00:00","DS","12.93","-131.90","30","1007"
"JIMENA","2021207N14248","EP","03:00:00","DS","13.06","-132.27","30","1007"
"JIMENA","2021207N14248","EP","06:00:00","DS","13.24","-132.59","30","1007"
"JIMENA","2021207N14248","EP","09:00:00","DS","13.43","-132.89","30","1007"
"JIMENA","2021207N14248","EP","12:00:00","DS","13.58","-133.16","30","1007"
"JIMENA","2021207N14248","EP","15:00:00","DS","13.62","-133.39","30","1007"
"JIMENA","2021207N14248","EP","18:00:00","DS","13.66","-133.63","30","1007"
"JIMENA","2021207N14248","EP","21:00:00","DS","13.79","-133.93","30","1007"
"JIMENA","2021207N14248","EP","2021-08-04 00:00:00","DS","13.93","-134.23","30","1007"
"JIMENA","2021207N14248","EP","03:00:00","DS","14.01","-134.53","30","1007"
"JIMENA","2021207N14248","EP","06:00:00","DS","14.07","-134.80","30","1007"
"JIMENA","2021207N14248","EP","09:00:00","DS","14.10","-135.00","30","1007"
"JIMENA","2021207N14248","EP","12:00:00","DS","14.17","-135.19","30","1007"
"JIMENA","2021207N14248","EP","15:00:00","DS","14.33","-135.41","30","1007"
"JIMENA","2021207N14248","EP","18:00:00","TS","14.54","-135.63","30","1007"
"JIMENA","2021207N14248","EP","21:00:00","TS","14.76","-135.82","30","1007"
"JIMENA","2021207N14248","EP","2021-08-05 00:00:00","TS","14.97","-136.00","30","1007"
"JIMENA","2021207N14248","EP","03:00:00","TS","15.15","-136.19","30","1006"
"JIMENA","2021207N14248","EP","06:00:00","TS","15.33","-136.38","30","1006"
"JIMENA","2021207N14248","EP","09:00:00","TS","15.53","-136.54","32","1005"
"JIMENA","2021207N14248","EP","12:00:00","TS","15.74","-136.72","35","1005"
"JIMENA","2021207N14248","EP","15:00:00","TS","15.98","-136.95","35","1005"
"JIMENA","2021207N14248","EP","18:00:00","TS","16.23","-137.18","35","1005"
"JIMENA","2021207N14248","EP","21:00:00","TS","16.45","-137.35","35","1005"
"JIMENA","2021207N14248","EP","2021-08-06 00:00:00","TS","16.67","-137.53","35","1005"
"JIMENA","2021207N14248","EP","03:00:00","TS","16.86","-137.80","35","1005"
"JIMENA","2021207N14248","EP","06:00:00","TS","17.03","-138.12","35","1006"
"JIMENA","2021207N14248","EP","09:00:00","TS","17.17","-138.46","35","1006"
"JIMENA","2021207N14248","EP","12:00:00","TS","17.29","-138.84","35","1006"
"JIMENA","2021207N14248","EP","15:00:00","TS","17.40","-139.27","32","1007"
"JIMENA","2021207N14248","EP","18:00:00","TS","17.51","-139.71","30","1008"
"JIMENA","2021207N14248","EP","21:00:00","TS","17.64","-140.12","30","1008"
"JIMENA","2021207N14248","EP","2021-08-07 00:00:00","DS","17.80","-140.50","30","1009"
"JIMENA","2021207N14248","EP","03:00:00","DS","17.98","-140.82","27","1010"
"JIMENA","2021207N14248","EP","06:00:00","DS","18.18","-141.13","25","1012"
"JIMENA","2021207N14248","EP","09:00:00","DS","18.41","-141.48","25","1012"
"JIMENA","2021207N14248","EP","12:00:00","DS","18.63","-141.80","25","1013"
"JIMENA","2021207N14248","EP","15:00:00","DS","18.81","-141.99","25","1013"
"JIMENA","2021207N14248","EP","18:00:00","DS","18.96","-142.19","25","1013"
"JIMENA","2021207N14248","EP","21:00:00","DS","19.13","-142.50","22","1013"
"JIMENA","2021207N14248","EP","2021-08-08 00:00:00","DS","19.30","-142.90","20","1013"
"CARLOS","2021155N11254","EP","2021-06-03 18:00:00","NR","10.80","-105.60","15",""
"CARLOS","2021155N11254","EP","21:00:00","NR","11.06","-105.73","15",""
"CARLOS","2021155N11254","EP","2021-06-04 00:00:00","NR","11.30","-105.90","15",""
"CARLOS","2021155N11254","EP","03:00:00","NR","11.52","-106.15","15",""
"CARLOS","2021155N11254","EP","06:00:00","NR","11.70","-106.40","15",""
"CARLOS","2021155N11254","EP","09:00:00","NR","11.86","-106.57","17",""
"CARLOS","2021155N11254","EP","12:00:00","DS","12.00","-106.70","20","1009"
"CARLOS","2021155N11254","EP","15:00:00","DS","12.11","-106.81","20","1009"
"CARLOS","2021155N11254","EP","18:00:00","DS","12.20","-106.90","20","1009"
"CARLOS","2021155N11254","EP","21:00:00","DS","12.29","-106.98","22","1008"
"CARLOS","2021155N11254","EP","2021-06-05 00:00:00","DS","12.40","-107.10","25","1008"
"CARLOS","2021155N11254","EP","03:00:00","DS","12.54","-107.33","25","1007"
"CARLOS","2021155N11254","EP","06:00:00","DS","12.70","-107.60","25","1007"
"CARLOS","2021155N11254","EP","09:00:00","DS","12.86","-107.90","25","1007"
"CARLOS","2021155N11254","EP","12:00:00","DS","13.00","-108.00","25","1007"
"CARLOS","2021155N11254","EP","15:00:00","DS","13.14","-107.55","25","1007"
"CARLOS","2021155N11254","EP","18:00:00","DS","13.20","-107.10","25","1007"
"CARLOS","2021155N11254","EP","21:00:00","DS","13.11","-107.20","25","1007"
"CARLOS","2021155N11254","EP","2021-06-06 00:00:00","NR","13.00","-107.50","25","1007"
"CARLOS","2021155N11254","EP","03:00:00","NR","12.99","-107.71","25","1007"
"CARLOS","2021155N11254","EP","06:00:00","DS","13.00","-107.90","25","1007"
"CARLOS","2021155N11254","EP","09:00:00","DS","12.98","-107.99","25","1007"
"CARLOS","2021155N11254","EP","12:00:00","DS","13.00","-108.10","25","1007"
"CARLOS","2021155N11254","EP","15:00:00","DS","13.11","-108.39","25","1007"
"CARLOS","2021155N11254","EP","18:00:00","DS","13.20","-108.70","25","1007"
"CARLOS","2021155N11254","EP","21:00:00","DS","13.16","-108.87","25","1007"
"CARLOS","2021155N11254","EP","2021-06-07 00:00:00","DS","13.10","-109.00","25","1007"
"CARLOS","2021155N11254","EP","03:00:00","DS","13.09","-109.14","25","1007"
"CARLOS","2021155N11254","EP","06:00:00","DS","13.10","-109.30","25","1008"
"CARLOS","2021155N11254","EP","09:00:00","DS","13.10","-109.49","25","1008"
"CARLOS","2021155N11254","EP","12:00:00","DS","13.10","-109.70","25","1008"
"CARLOS","2021155N11254","EP","15:00:00","DS","13.11","-109.96","27","1008"
"CARLOS","2021155N11254","EP","18:00:00","DS","13.10","-110.20","30","1008"
"CARLOS","2021155N11254","EP","21:00:00","DS","13.08","-110.37","27","1008"
"CARLOS","2021155N11254","EP","2021-06-08 00:00:00","DS","13.00","-110.50","25","1008"
"CARLOS","2021155N11254","EP","03:00:00","DS","12.81","-110.60","25","1008"
"CARLOS","2021155N11254","EP","06:00:00","DS","12.60","-110.70","25","1008"
"CARLOS","2021155N11254","EP","09:00:00","DS","12.47","-110.82","25","1008"
"CARLOS","2021155N11254","EP","12:00:00","DS","12.40","-111.00","25","1008"
"CARLOS","2021155N11254","EP","15:00:00","DS","12.39","-111.28","25","1008"
"CARLOS","2021155N11254","EP","18:00:00","DS","12.40","-111.60","25","1008"
"CARLOS","2021155N11254","EP","21:00:00","DS","12.41","-111.91","25","1008"
"CARLOS","2021155N11254","EP","2021-06-09 00:00:00","DS","12.40","-112.20","25","1008"
"CARLOS","2021155N11254","EP","03:00:00","DS","12.36","-112.46","25","1008"
"CARLOS","2021155N11254","EP","06:00:00","DS","12.30","-112.70","25","1008"
"CARLOS","2021155N11254","EP","09:00:00","DS","12.21","-112.95","25","1008"
"CARLOS","2021155N11254","EP","12:00:00","DS","12.10","-113.20","25","1008"
"CARLOS","2021155N11254","EP","15:00:00","DS","11.94","-113.45","25","1008"
"CARLOS","2021155N11254","EP","18:00:00","DS","11.80","-113.70","25","1008"
"CARLOS","2021155N11254","EP","21:00:00","DS","11.73","-113.95","25","1008"
"CARLOS","2021155N11254","EP","2021-06-10 00:00:00","DS","11.70","-114.20","25","1008"
"CARLOS","2021155N11254","EP","03:00:00","DS","11.70","-114.43","25","1008"
"CARLOS","2021155N11254","EP","06:00:00","DS","11.70","-114.70","25","1008"
"CARLOS","2021155N11254","EP","09:00:00","DS","11.67","-115.08","27","1008"
"CARLOS","2021155N11254","EP","12:00:00","DS","11.60","-115.50","30","1008"
"CARLOS","2021155N11254","EP","15:00:00","DS","11.45","-115.89","27","1008"
"CARLOS","2021155N11254","EP","18:00:00","DS","11.30","-116.30","25","1009"
"CARLOS","2021155N11254","EP","21:00:00","DS","11.24","-116.73","25","1009"
"CARLOS","2021155N11254","EP","2021-06-11 00:00:00","DS","11.20","-117.20","25","1009"
"CARLOS","2021155N11254","EP","03:00:00","DS","11.09","-117.72","25","1009"
"CARLOS","2021155N11254","EP","06:00:00","DS","11.00","-118.20","25","1009"
"CARLOS","2021155N11254","EP","09:00:00","DS","10.98","-118.53","25","1009"
"CARLOS","2021155N11254","EP","12:00:00","DS","11.00","-118.80","25","1009"
"CARLOS","2021155N11254","EP","15:00:00","DS","11.04","-119.08","25","1009"
"CARLOS","2021155N11254","EP","18:00:00","DS","11.10","-119.40","25","1009"
"CARLOS","2021155N11254","EP","21:00:00","DS","11.16","-119.82","25","1009"
"CARLOS","2021155N11254","EP","2021-06-12 00:00:00","DS","11.20","-120.30","25","1009"
"CARLOS","2021155N11254","EP","03:00:00","DS","11.18","-120.80","25","1009"
"CARLOS","2021155N11254","EP","06:00:00","DS","11.20","-121.30","25","1009"
"CARLOS","2021155N11254","EP","09:00:00","DS","11.38","-121.74","27","1008"
"CARLOS","2021155N11254","EP","12:00:00","DS","11.60","-122.20","30","1007"
"CARLOS","2021155N11254","EP","15:00:00","DS","11.72","-122.75","30","1006"
"CARLOS","2021155N11254","EP","18:00:00","TS","11.80","-123.30","30","1006"
"CARLOS","2021155N11254","EP","21:00:00","TS","11.86","-123.79","32","1005"
"CARLOS","2021155N11254","EP","2021-06-13 00:00:00","TS","11.90","-124.25","35","1005"
"CARLOS","2021155N11254","EP","03:00:00","TS","11.91","-124.63","37","1003"
"CARLOS","2021155N11254","EP","06:00:00","TS","11.90","-124.96","40","1002"
"CARLOS","2021155N11254","EP","09:00:00","TS","11.89","-125.29","42","1001"
"CARLOS","2021155N11254","EP","12:00:00","TS","11.86","-125.63","45","1000"
"CARLOS","2021155N11254","EP","15:00:00","TS","11.82","-125.96","45","1000"
"CARLOS","2021155N11254","EP","18:00:00","TS","11.76","-126.28","45","1000"
"CARLOS","2021155N11254","EP","21:00:00","TS","11.70","-126.57","42","1000"
"CARLOS","2021155N11254","EP","2021-06-14 00:00:00","TS","11.65","-126.85","40","1001"
"CARLOS","2021155N11254","EP","03:00:00","TS","11.58","-127.12","37","1002"
"CARLOS","2021155N11254","EP","06:00:00","TS","11.50","-127.45","35","1004"
"CARLOS","2021155N11254","EP","09:00:00","TS","11.44","-127.91","35","1004"
"CARLOS","2021155N11254","EP","12:00:00","TS","11.35","-128.45","35","1004"
"CARLOS","2021155N11254","EP","15:00:00","TS","11.19","-129.04","32","1005"
"CARLOS","2021155N11254","EP","18:00:00","TS","11.00","-129.60","30","1007"
"CARLOS","2021155N11254","EP","21:00:00","TS","10.80","-130.02","30","1007"
"CARLOS","2021155N11254","EP","2021-06-15 00:00:00","TS","10.60","-130.40","30","1007"
"CARLOS","2021155N11254","EP","03:00:00","TS","10.38","-130.84","30","1007"
"CARLOS","2021155N11254","EP","06:00:00","TS","10.20","-131.30","30","1007"
"CARLOS","2021155N11254","EP","09:00:00","TS","10.11","-131.75","30","1007"
"CARLOS","2021155N11254","EP","12:00:00","TS","10.05","-132.20","30","1007"
"CARLOS","2021155N11254","EP","15:00:00","TS","9.98","-132.66","30","1007"
"CARLOS","2021155N11254","EP","18:00:00","TS","9.90","-133.10","30","1007"
"CARLOS","2021155N11254","EP","21:00:00","TS","9.79","-133.51","30","1007"
"CARLOS","2021155N11254","EP","2021-06-16 00:00:00","TS","9.65","-133.90","30","1007"
"CARLOS","2021155N11254","EP","03:00:00","TS","9.47","-134.28","30","1007"
"CARLOS","2021155N11254","EP","06:00:00","TS","9.25","-134.60","30","1007"
"CARLOS","2021155N11254","EP","09:00:00","TS","8.99","-134.83","27","1007"
"CARLOS","2021155N11254","EP","12:00:00","DS","8.70","-135.00","25","1008"
"NOT_NAMED","1907169N21067","NI","1907-06-18 00:00:00","TS","20.80","67.00","64"
"NOT_NAMED","1907169N21067","NI","03:00:00","TS","20.87","66.83","64"
"NOT_NAMED","1907169N21067","NI","06:00:00","TS","20.96","66.60","64"
"NOT_NAMED","1907169N21067","NI","09:00:00","TS","21.05","66.39","64"
"NOT_NAMED","1907169N21067","NI","12:00:00","TS","21.14","66.20","64"
"NOT_NAMED","1907169N21067","NI","15:00:00","TS","21.27","66.01","64"
"NOT_NAMED","1907169N21067","NI","18:00:00","TS","21.41","65.87","64"
"NOT_NAMED","1907169N21067","NI","21:00:00","TS","21.56","65.76","64"
"NOT_NAMED","1907169N21067","NI","1907-06-19 00:00:00","TS","21.71","65.71","64"
"NOT_NAMED","1907169N21067","NI","03:00:00","TS","21.90","65.74","64"
"NOT_NAMED","1907169N21067","NI","06:00:00","TS","22.09","65.82","64"
"NOT_NAMED","1907169N21067","NI","09:00:00","TS","22.30","65.92","64"
"NOT_NAMED","1907169N21067","NI","12:00:00","TS","22.50","66.03","64"
"NOT_NAMED","1907169N21067","NI","15:00:00","TS","22.70","66.15","64"
"NOT_NAMED","1907169N21067","NI","18:00:00","TS","22.88","66.25","64"
"NOT_NAMED","1907169N21067","NI","21:00:00","TS","23.04","66.35","64"
"NOT_NAMED","1907169N21067","NI","1907-06-20 00:00:00","TS","23.19","66.44","64"
"NOT_NAMED","1907169N21067","NI","03:00:00","NR","23.30","66.50",""
"BLANCA","2021149N09263","EP","2021-05-28 18:00:00","NR","8.90","-97.30","15","1010"
"BLANCA","2021149N09263","EP","21:00:00","NR","9.01","-97.70","15","1010"
"BLANCA","2021149N09263","EP","2021-05-29 00:00:00","NR","9.10","-98.10","15","1010"
"BLANCA","2021149N09263","EP","03:00:00","NR","9.15","-98.50","15","1010"
"BLANCA","2021149N09263","EP","06:00:00","NR","9.20","-98.90","15","1010"
"BLANCA","2021149N09263","EP","09:00:00","NR","9.29","-99.30","15","1010"
"BLANCA","2021149N09263","EP","12:00:00","NR","9.40","-99.70","15","1010"
"BLANCA","2021149N09263","EP","15:00:00","NR","9.49","-100.10","17","1009"
"BLANCA","2021149N09263","EP","18:00:00","NR","9.60","-100.50","20","1009"
"BLANCA","2021149N09263","EP","21:00:00","NR","9.73","-100.91","22","1008"
"BLANCA","2021149N09263","EP","2021-05-30 00:00:00","DS","9.90","-101.30","25","1008"
"BLANCA","2021149N09263","EP","03:00:00","DS","10.09","-101.66","25","1008"
"BLANCA","2021149N09263","EP","06:00:00","DS","10.30","-102.00","25","1008"
"BLANCA","2021149N09263","EP","09:00:00","DS","10.50","-102.34","27","1007"
"BLANCA","2021149N09263","EP","12:00:00","DS","10.70","-102.70","30","1007"
"BLANCA","2021149N09263","EP","15:00:00","DS","10.90","-103.13","30","1007"
"BLANCA","2021149N09263","EP","18:00:00","DS","11.10","-103.53","30","1007"
"BLANCA","2021149N09263","EP","21:00:00","DS","11.29","-104.01","30","1007"
"BLANCA","2021149N09263","EP","2021-05-31 00:00:00","TS","11.50","-104.60","30","1007"
"BLANCA","2021149N09263","EP","03:00:00","TS","11.76","-105.33","30","1007"
"BLANCA","2021149N09263","EP","06:00:00","TS","12.00","-106.07","30","1007"
"BLANCA","2021149N09263","EP","09:00:00","TS","12.14","-106.68","30","1006"
"BLANCA","2021149N09263","EP","12:00:00","TS","12.33","-107.23","30","1006"
"BLANCA","2021149N09263","EP","15:00:00","TS","12.76","-107.83","32","1005"
"BLANCA","2021149N09263","EP","18:00:00","TS","13.20","-108.37","35","1004"
"BLANCA","2021149N09263","EP","21:00:00","TS","13.48","-108.77","40","1002"
"BLANCA","2021149N09263","EP","2021-06-01 00:00:00","TS","13.67","-109.07","45","1001"
"BLANCA","2021149N09263","EP","03:00:00","TS","13.82","-109.27","47","999"
"BLANCA","2021149N09263","EP","06:00:00","TS","13.97","-109.43","50","998"
"BLANCA","2021149N09263","EP","09:00:00","TS","14.15","-109.62","50","998"
"BLANCA","2021149N09263","EP","12:00:00","TS","14.33","-109.87","50","999"
"BLANCA","2021149N09263","EP","15:00:00","TS","14.50","-110.25","47","1000"
"BLANCA","2021149N09263","EP","18:00:00","TS","14.63","-110.67","45","1001"
"BLANCA","2021149N09263","EP","21:00:00","TS","14.73","-111.03","45","1001"
"BLANCA","2021149N09263","EP","2021-06-02 00:00:00","TS","14.80","-111.33","45","1001"
"BLANCA","2021149N09263","EP","03:00:00","TS","14.86","-111.56","42","1001"
"BLANCA","2021149N09263","EP","06:00:00","TS","14.93","-111.73","40","1002"
"BLANCA","2021149N09263","EP","09:00:00","TS","15.07","-111.87","37","1003"
"BLANCA","2021149N09263","EP","12:00:00","TS","15.23","-112.03","35","1004"
"BLANCA","2021149N09263","EP","15:00:00","TS","15.39","-112.31","32","1004"
"BLANCA","2021149N09263","EP","18:00:00","TS","15.50","-112.60","30","1005"
"BLANCA","2021149N09263","EP","21:00:00","TS","15.49","-112.82","30","1005"
"BLANCA","2021149N09263","EP","2021-06-03 00:00:00","TS","15.47","-113.00","30","1005"
"BLANCA","2021149N09263","EP","03:00:00","TS","15.53","-113.15","30","1005"
"BLANCA","2021149N09263","EP","06:00:00","TS","15.60","-113.30","30","1006"
"BLANCA","2021149N09263","EP","09:00:00","TS","15.66","-113.49","30","1005"
"BLANCA","2021149N09263","EP","12:00:00","TS","15.67","-113.70","30","1005"
"BLANCA","2021149N09263","EP","15:00:00","TS","15.57","-113.91","30","1005"
"BLANCA","2021149N09263","EP","18:00:00","TS","15.50","-114.10","30","1005"
"BLANCA","2021149N09263","EP","21:00:00","TS","15.55","-114.22","27","1006"
"BLANCA","2021149N09263","EP","2021-06-04 00:00:00","TS","15.70","-114.40","25","1007"
"BLANCA","2021149N09263","EP","03:00:00","TS","15.93","-114.75","25","1007"
"BLANCA","2021149N09263","EP","06:00:00","DS","16.20","-115.20","25","1007"
"FELICIA","2021194N11255","EP","2021-07-13 00:00:00","DS","10.90","-105.20","25","1008"
"FELICIA","2021194N11255","EP","03:00:00","DS","11.20","-105.78","25","1008"
"FELICIA","2021194N11255","EP","06:00:00","DS","11.50","-106.40","25","1008"
"FELICIA","2021194N11255","EP","09:00:00","DS","11.79","-107.09","25","1008"
"FELICIA","2021194N11255","EP","12:00:00","DS","12.10","-107.80","25","1008"
"FELICIA","2021194N11255","EP","15:00:00","DS","12.44","-108.44","27","1008"
"FELICIA","2021194N11255","EP","18:00:00","DS","12.80","-109.10","30","1008"
"FELICIA","2021194N11255","EP","21:00:00","DS","13.17","-109.83","30","1007"
"FELICIA","2021194N11255","EP","2021-07-14 00:00:00","DS","13.50","-110.60","30","1007"
"FELICIA","2021194N11255","EP","03:00:00","DS","13.73","-111.42","32","1006"
"FELICIA","2021194N11255","EP","06:00:00","TS","13.90","-112.20","35","1006"
"FELICIA","2021194N11255","EP","09:00:00","TS","14.02","-112.84","40","1005"
"FELICIA","2021194N11255","EP","12:00:00","TS","14.16","-113.46","45","1004"
"FELICIA","2021194N11255","EP","15:00:00","TS","14.36","-114.11","50","1001"
"FELICIA","2021194N11255","EP","18:00:00","TS","14.60","-114.80","55","999"
"FELICIA","2021194N11255","EP","21:00:00","TS","14.83","-115.53","57","998"
"FELICIA","2021194N11255","EP","2021-07-15 00:00:00","TS","15.00","-116.20","60","997"
"FELICIA","2021194N11255","EP","03:00:00","TS","15.07","-116.67","62","994"
"FELICIA","2021194N11255","EP","06:00:00","TS","15.11","-117.11","65","992"
"FELICIA","2021194N11255","EP","09:00:00","TS","15.17","-117.62","72","988"
"FELICIA","2021194N11255","EP","12:00:00","TS","15.22","-118.12","80","984"
"FELICIA","2021194N11255","EP","15:00:00","TS","15.23","-118.56","82","981"
"FELICIA","2021194N11255","EP","18:00:00","TS","15.24","-118.98","85","979"
"FELICIA","2021194N11255","EP","21:00:00","TS","15.28","-119.40","90","975"
"FELICIA","2021194N11255","EP","2021-07-16 00:00:00","TS","15.30","-119.80","95","971"
"FELICIA","2021194N11255","EP","03:00:00","TS","15.26","-120.19","97","968"
"FELICIA","2021194N11255","EP","06:00:00","TS","15.20","-120.57","100","966"
"FELICIA","2021194N11255","EP","09:00:00","TS","15.14","-120.91","105","962"
"FELICIA","2021194N11255","EP","12:00:00","TS","15.08","-121.25","110","959"
"FELICIA","2021194N11255","EP","15:00:00","TS","15.01","-121.63","112","956"
"FELICIA","2021194N11255","EP","18:00:00","TS","14.93","-122.03","115","954"
"FELICIA","2021194N11255","EP","21:00:00","TS","14.85","-122.42","115","954"
"FELICIA","2021194N11255","EP","2021-07-17 00:00:00","TS","14.77","-122.80","115","954"
"FELICIA","2021194N11255","EP","03:00:00","TS","14.71","-123.15","117","952"
"FELICIA","2021194N11255","EP","06:00:00","TS","14.66","-123.50","120","951"
"FELICIA","2021194N11255","EP","09:00:00","TS","14.62","-123.85","122","949"
"FELICIA","2021194N11255","EP","12:00:00","TS","14.61","-124.19","125","947"
"FELICIA","2021194N11255","EP","15:00:00","TS","14.67","-124.54","125","947"
"FELICIA","2021194N11255","EP","18:00:00","TS","14.78","-124.90","125","947"
"FELICIA","2021194N11255","EP","21:00:00","TS","14.94","-125.29","122","948"
"FELICIA","2021194N11255","EP","2021-07-18 00:00:00","TS","15.10","-125.70","120","949"
"FELICIA","2021194N11255","EP","03:00:00","TS","15.21","-126.13","120","949"
"FELICIA","2021194N11255","EP","06:00:00","TS","15.32","-126.59","120","949"
"FELICIA","2021194N11255","EP","09:00:00","TS","15.47","-127.08","117","951"
"FELICIA","2021194N11255","EP","12:00:00","TS","15.63","-127.58","115","954"
"FELICIA","2021194N11255","EP","15:00:00","TS","15.78","-128.04","112","956"
"FELICIA","2021194N11255","EP","18:00:00","TS","15.93","-128.51","110","959"
"FELICIA","2021194N11255","EP","21:00:00","TS","16.08","-129.04","102","965"
"FELICIA","2021194N11255","EP","2021-07-19 00:00:00","TS","16.20","-129.57","95","971"
"FELICIA","2021194N11255","EP","03:00:00","TS","16.27","-130.04","90","975"
"FELICIA","2021194N11255","EP","06:00:00","TS","16.30","-130.54","85","979"
"FELICIA","2021194N11255","EP","09:00:00","TS","16.32","-131.11","77","984"
"FELICIA","2021194N11255","EP","12:00:00","TS","16.30","-131.70","70","990"
"FELICIA","2021194N11255","EP","15:00:00","TS","16.24","-132.25","62","995"
"FELICIA","2021194N11255","EP","18:00:00","TS","16.18","-132.81","55","1000"
"FELICIA","2021194N11255","EP","21:00:00","TS","16.14","-133.43","50","1001"
"FELICIA","2021194N11255","EP","2021-07-20 00:00:00","TS","16.10","-134.10","45","1003"
"FELICIA","2021194N11255","EP","03:00:00","TS","16.04","-134.81","42","1004"
"FELICIA","2021194N11255","EP","06:00:00","TS","15.97","-135.57","40","1005"
"FELICIA","2021194N11255","EP","09:00:00","TS","15.92","-136.39","37","1005"
"FELICIA","2021194N11255","EP","12:00:00","TS","15.83","-137.21","35","1006"
"FELICIA","2021194N11255","EP","15:00:00","TS","15.66","-137.94","32","1007"
"FELICIA","2021194N11255","EP","18:00:00","TS","15.46","-138.66","30","1008"
"FELICIA","2021194N11255","EP","21:00:00","TS","15.27","-139.39","30","1008"
"FELICIA","2021194N11255","EP","2021-07-21 00:00:00","DS","15.10","-140.13","30","1008"
"FELICIA","2021194N11255","EP","03:00:00","DS","14.98","-140.86","30","1008"
"FELICIA","2021194N11255","EP","06:00:00","DS","14.87","-141.59","30","1008"
"FELICIA","2021194N11255","EP","09:00:00","DS","14.75","-142.32","30","1008"
"FELICIA","2021194N11255","EP","12:00:00","DS","14.61","-143.03","30","1009"
"FELICIA","2021194N11255","EP","15:00:00","DS","14.43","-143.69","30","1009"
"FELICIA","2021194N11255","EP","18:00:00","DS","14.26","-144.35","30","1009"
"FELICIA","2021194N11255","EP","21:00:00","DS","14.13","-145.02","30","1009"
"FELICIA","2021194N11255","EP","2021-07-22 00:00:00","DS","14.04","-145.70","30","1009"
"FELICIA","2021194N11255","EP","03:00:00","DS","13.99","-146.38","30","1009"
"FELICIA","2021194N11255","EP","06:00:00","DS","13.95","-147.05","30","1009"
"FELICIA","2021194N11255","EP","09:00:00","DS","13.92","-147.69","27","1009"
"FELICIA","2021194N11255","EP","12:00:00","NR","13.90","-148.30","25","1010"
"HILDA","2021209N12258","EP","2021-07-28 06:00:00","NR","11.70","-102.50","15","1008"
"HILDA","2021209N12258","EP","09:00:00","NR","11.70","-102.90","15","1008"
"HILDA","2021209N12258","EP","12:00:00","NR","11.70","-103.30","15","1008"
"HILDA","2021209N12258","EP","15:00:00","NR","11.70","-103.70","17","1008"
"HILDA","2021209N12258","EP","18:00:00","NR","11.70","-104.10","20","1008"
"HILDA","2021209N12258","EP","21:00:00","NR","11.70","-104.49","22","1007"
"HILDA","2021209N12258","EP","2021-07-29 00:00:00","DS","11.70","-104.90","25","1007"
"HILDA","2021209N12258","EP","03:00:00","DS","11.70","-105.34","25","1007"
"HILDA","2021209N12258","EP","06:00:00","DS","11.70","-105.80","25","1007"
"HILDA","2021209N12258","EP","09:00:00","DS","11.69","-106.26","25","1007"
"HILDA","2021209N12258","EP","12:00:00","DS","11.70","-106.70","25","1007"
"HILDA","2021209N12258","EP","15:00:00","DS","11.75","-107.10","27","1007"
"HILDA","2021209N12258","EP","18:00:00","DS","11.80","-107.50","30","1007"
"HILDA","2021209N12258","EP","21:00:00","DS","11.81","-107.89","30","1006"
"HILDA","2021209N12258","EP","2021-07-30 00:00:00","DS","11.80","-108.40","30","1006"
"HILDA","2021209N12258","EP","03:00:00","DS","11.81","-109.14","30","1006"
"HILDA","2021209N12258","EP","06:00:00","DS","11.80","-110.00","30","1006"
"HILDA","2021209N12258","EP","09:00:00","DS","11.74","-110.87","30","1006"
"HILDA","2021209N12258","EP","12:00:00","DS","11.70","-111.70","30","1006"
"HILDA","2021209N12258","EP","15:00:00","DS","11.72","-112.40","35","1004"
"HILDA","2021209N12258","EP","18:00:00","TS","11.90","-113.00","40","1003"
"HILDA","2021209N12258","EP","21:00:00","TS","12.42","-113.50","40","1003"
"HILDA","2021209N12258","EP","2021-07-31 00:00:00","TS","12.90","-114.00","40","1003"
"HILDA","2021209N12258","EP","03:00:00","TS","13.09","-114.59","42","1002"
"HILDA","2021209N12258","EP","06:00:00","TS","13.22","-115.18","45","1002"
"HILDA","2021209N12258","EP","09:00:00","TS","13.41","-115.70","50","999"
"HILDA","2021209N12258","EP","12:00:00","TS","13.61","-116.21","55","997"
"HILDA","2021209N12258","EP","15:00:00","TS","13.81","-116.80","57","995"
"HILDA","2021209N12258","EP","18:00:00","TS","13.98","-117.37","60","994"
"HILDA","2021209N12258","EP","21:00:00","TS","14.10","-117.86","67","989"
"HILDA","2021209N12258","EP","2021-08-01 00:00:00","TS","14.20","-118.30","75","985"
"HILDA","2021209N12258","EP","03:00:00","TS","14.31","-118.73","75","985"
"HILDA","2021209N12258","EP","06:00:00","TS","14.40","-119.13","75","985"
"HILDA","2021209N12258","EP","09:00:00","TS","14.46","-119.47","75","985"
"HILDA","2021209N12258","EP","12:00:00","TS","14.51","-119.78","75","985"
"HILDA","2021209N12258","EP","15:00:00","TS","14.57","-120.06","75","985"
"HILDA","2021209N12258","EP","18:00:00","TS","14.65","-120.40","75","985"
"HILDA","2021209N12258","EP","21:00:00","TS","14.74","-120.80","72","986"
"HILDA","2021209N12258","EP","2021-08-02 00:00:00","TS","14.85","-121.20","70","988"
"HILDA","2021209N12258","EP","03:00:00","TS","14.98","-121.52","70","988"
"HILDA","2021209N12258","EP","06:00:00","TS","15.10","-121.80","70","988"
"HILDA","2021209N12258","EP","09:00:00","TS","15.17","-122.07","70","988"
"HILDA","2021209N12258","EP","12:00:00","TS","15.25","-122.30","70","988"
"HILDA","2021209N12258","EP","15:00:00","TS","15.39","-122.45","70","988"
"HILDA","2021209N12258","EP","18:00:00","TS","15.60","-122.60","70","988"
"HILDA","2021209N12258","EP","21:00:00","TS","15.88","-122.80","67","989"
"HILDA","2021209N12258","EP","2021-08-03 00:00:00","TS","16.20","-123.05","65","990"
"HILDA","2021209N12258","EP","03:00:00","TS","16.51","-123.36","62","991"
"HILDA","2021209N12258","EP","06:00:00","TS","16.80","-123.70","60","992"
"HILDA","2021209N12258","EP","09:00:00","TS","17.07","-124.01","60","992"
"HILDA","2021209N12258","EP","12:00:00","TS","17.30","-124.30","60","992"
"HILDA","2021209N12258","EP","15:00:00","TS","17.47","-124.55","55","994"
"HILDA","2021209N12258","EP","18:00:00","TS","17.65","-124.80","50","996"
"HILDA","2021209N12258","EP","21:00:00","TS","17.92","-125.08","47","998"
"HILDA","2021209N12258","EP","2021-08-04 00:00:00","TS","18.20","-125.40","45","1000"
"HILDA","2021209N12258","EP","03:00:00","TS","18.45","-125.78","42","1001"
"HILDA","2021209N12258","EP","06:00:00","TS","18.65","-126.20","40","1003"
"HILDA","2021209N12258","EP","09:00:00","TS","18.79","-126.62","40","1003"
"HILDA","2021209N12258","EP","12:00:00","TS","18.90","-127.00","40","1003"
"HILDA","2021209N12258","EP","15:00:00","TS","19.05","-127.32","40","1003"
"HILDA","2021209N12258","EP","18:00:00","TS","19.20","-127.60","40","1003"
"HILDA","2021209N12258","EP","21:00:00","TS","19.28","-127.90","40","1003"
"HILDA","2021209N12258","EP","2021-08-05 00:00:00","TS","19.40","-128.20","40","1003"
"HILDA","2021209N12258","EP","03:00:00","TS","19.63","-128.48","40","1003"
"HILDA","2021209N12258","EP","06:00:00","TS","19.95","-128.80","40","1003"
"HILDA","2021209N12258","EP","09:00:00","TS","20.32","-129.22","37","1003"
"HILDA","2021209N12258","EP","12:00:00","TS","20.70","-129.70","35","1004"
"HILDA","2021209N12258","EP","15:00:00","TS","21.00","-130.19","35","1004"
"HILDA","2021209N12258","EP","18:00:00","TS","21.30","-130.70","35","1005"
"HILDA","2021209N12258","EP","21:00:00","TS","21.66","-131.19","32","1005"
"HILDA","2021209N12258","EP","2021-08-06 00:00:00","TS","22.00","-131.70","30","1006"
"HILDA","2021209N12258","EP","03:00:00","TS","22.25","-132.26","30","1006"
"HILDA","2021209N12258","EP","06:00:00","TS","22.45","-132.80","30","1006"
"HILDA","2021209N12258","EP","09:00:00","TS","22.63","-133.27","27","1007"
"HILDA","2021209N12258","EP","12:00:00","DS","22.80","-133.70","25","1008"
"ENRIQUE","2021173N08276","EP","2021-06-22 00:00:00","NR","8.10","-84.30","15","1010"
"ENRIQUE","2021173N08276","EP","03:00:00","NR","8.35","-85.41","15","1010"
"ENRIQUE","2021173N08276","EP","06:00:00","NR","8.60","-86.50","15","1010"
"ENRIQUE","2021173N08276","EP","09:00:00","NR","8.85","-87.56","15","1010"
"ENRIQUE","2021173N08276","EP","12:00:00","NR","9.10","-88.60","15","1010"
"ENRIQUE","2021173N08276","EP","15:00:00","NR","9.33","-89.66","15","1010"
"ENRIQUE","2021173N08276","EP","18:00:00","NR","9.60","-90.70","15","1010"
"ENRIQUE","2021173N08276","EP","21:00:00","NR","9.98","-91.75","17","1009"
"ENRIQUE","2021173N08276","EP","2021-06-23 00:00:00","NR","10.40","-92.70","20","1009"
"ENRIQUE","2021173N08276","EP","03:00:00","NR","10.76","-93.48","20","1009"
"ENRIQUE","2021173N08276","EP","06:00:00","NR","11.10","-94.10","20","1009"
"ENRIQUE","2021173N08276","EP","09:00:00","NR","11.42","-94.59","22","1008"
"ENRIQUE","2021173N08276","EP","12:00:00","NR","11.70","-95.00","25","1008"
"ENRIQUE","2021173N08276","EP","15:00:00","NR","11.92","-95.44","25","1008"
"ENRIQUE","2021173N08276","EP","18:00:00","NR","12.10","-95.90","25","1008"
"ENRIQUE","2021173N08276","EP","21:00:00","NR","12.24","-96.40","25","1008"
"ENRIQUE","2021173N08276","EP","2021-06-24 00:00:00","NR","12.40","-96.90","25","1008"
"ENRIQUE","2021173N08276","EP","03:00:00","NR","12.63","-97.37","25","1008"
"ENRIQUE","2021173N08276","EP","06:00:00","NR","12.90","-97.80","25","1008"
"ENRIQUE","2021173N08276","EP","09:00:00","NR","13.19","-98.20","25","1008"
"ENRIQUE","2021173N08276","EP","12:00:00","NR","13.50","-98.60","25","1008"
"ENRIQUE","2021173N08276","EP","15:00:00","NR","13.79","-99.04","25","1008"
"ENRIQUE","2021173N08276","EP","18:00:00","NR","14.10","-99.50","25","1008"
"ENRIQUE","2021173N08276","EP","21:00:00","NR","14.47","-99.95","27","1007"
"ENRIQUE","2021173N08276","EP","2021-06-25 00:00:00","NR","14.80","-100.40","30","1007"
"ENRIQUE","2021173N08276","EP","03:00:00","NR","14.97","-100.86","32","1006"
"ENRIQUE","2021173N08276","EP","06:00:00","TS","15.06","-101.28","35","1006"
"ENRIQUE","2021173N08276","EP","09:00:00","TS","15.28","-101.68","37","1005"
"ENRIQUE","2021173N08276","EP","12:00:00","TS","15.50","-102.10","40","1004"
"ENRIQUE","2021173N08276","EP","15:00:00","TS","15.66","-102.55","42","1002"
"ENRIQUE","2021173N08276","EP","18:00:00","TS","15.80","-103.00","45","1001"
"ENRIQUE","2021173N08276","EP","21:00:00","TS","16.00","-103.41","50","997"
"ENRIQUE","2021173N08276","EP","2021-06-26 00:00:00","TS","16.20","-103.80","55","993"
"ENRIQUE","2021173N08276","EP","03:00:00","TS","16.34","-104.16","57","991"
"ENRIQUE","2021173N08276","EP","06:00:00","TS","16.45","-104.50","60","990"
"ENRIQUE","2021173N08276","EP","09:00:00","TS","16.57","-104.79","65","986"
"ENRIQUE","2021173N08276","EP","12:00:00","TS","16.70","-105.07","70","983"
"ENRIQUE","2021173N08276","EP","15:00:00","TS","16.83","-105.36","72","981"
"ENRIQUE","2021173N08276","EP","18:00:00","TS","16.95","-105.60","75","980"
"ENRIQUE","2021173N08276","EP","21:00:00","TS","17.01","-105.79","75","980"
"ENRIQUE","2021173N08276","EP","2021-06-27 00:00:00","TS","17.10","-105.90","75","980"
"ENRIQUE","2021173N08276","EP","03:00:00","TS","17.24","-105.93","77","978"
"ENRIQUE","2021173N08276","EP","06:00:00","TS","17.42","-105.91","80","977"
"ENRIQUE","2021173N08276","EP","09:00:00","TS","17.64","-105.89","80","977"
"ENRIQUE","2021173N08276","EP","12:00:00","TS","17.95","-105.85","80","977"
"ENRIQUE","2021173N08276","EP","15:00:00","TS","18.31","-105.73","80","977"
"ENRIQUE","2021173N08276","EP","18:00:00","TS","18.70","-105.65","80","977"
"ENRIQUE","2021173N08276","EP","21:00:00","TS","19.08","-105.71","80","976"
"ENRIQUE","2021173N08276","EP","2021-06-28 00:00:00","TS","19.40","-105.85","80","975"
"ENRIQUE","2021173N08276","EP","03:00:00","TS","19.62","-106.01","80","975"
"ENRIQUE","2021173N08276","EP","06:00:00","TS","19.80","-106.20","80","975"
"ENRIQUE","2021173N08276","EP","09:00:00","TS","20.00","-106.39","77","976"
"ENRIQUE","2021173N08276","EP","12:00:00","TS","20.20","-106.60","75","977"
"ENRIQUE","2021173N08276","EP","15:00:00","TS","20.41","-106.86","67","980"
"ENRIQUE","2021173N08276","EP","18:00:00","TS","20.60","-107.10","60","983"
"ENRIQUE","2021173N08276","EP","21:00:00","TS","20.74","-107.23","55","987"
"ENRIQUE","2021173N08276","EP","2021-06-29 00:00:00","TS","20.90","-107.30","50","992"
"ENRIQUE","2021173N08276","EP","03:00:00","TS","21.14","-107.39","47","993"
"ENRIQUE","2021173N08276","EP","06:00:00","TS","21.45","-107.45","45","995"
"ENRIQUE","2021173N08276","EP","09:00:00","TS","21.81","-107.45","42","997"
"ENRIQUE","2021173N08276","EP","12:00:00","TS","22.20","-107.50","40","999"
"ENRIQUE","2021173N08276","EP","15:00:00","TS","22.56","-107.70","37","1001"
"ENRIQUE","2021173N08276","EP","18:00:00","TS","22.90","-108.00","35","1003"
"ENRIQUE","2021173N08276","EP","21:00:00","TS","23.24","-108.37","35","1003"
"ENRIQUE","2021173N08276","EP","2021-06-30 00:00:00","TS","23.55","-108.75","35","1003"
"ENRIQUE","2021173N08276","EP","03:00:00","TS","23.80","-109.07","35","1003"
"ENRIQUE","2021173N08276","EP","06:00:00","TS","24.00","-109.35","35","1003"
"ENRIQUE","2021173N08276","EP","09:00:00","TS","24.20","-109.60","32","1004"
"ENRIQUE","2021173N08276","EP","12:00:00","TS","24.35","-109.80","30","1005"
"ENRIQUE","2021173N08276","EP","15:00:00","TS","24.40","-109.96","27","1007"
"ENRIQUE","2021173N08276","EP","18:00:00","TS","24.40","-110.10","25","1009"
"GONI","2009213N16130","WP","2009-07-31 12:00:00","TS","15.70","129.80","","","","","","","29","994","",""
"GONI","2009213N16130","WP","15:00:00","TS","15.90","128.91","","","","","","","29","993","",""
"GONI","2009213N16130","WP","18:00:00","TS","16.08","127.88","","","","","","","29","992","30","992"
"GONI","2009213N16130","WP","21:00:00","TS","16.28","126.98","","","","","","","29","992","30","992"
"GONI","2009213N16130","WP","2009-08-01 00:00:00","TS","16.50","126.10","","","","","","","29","992","30","992"
"GONI","2009213N16130","WP","03:00:00","TS","16.74","125.19","","","","","","","29","992","30","992"
"GONI","2009213N16130","WP","06:00:00","TS","16.91","124.18","","992","","","","992","29","992","30","992"
"GONI","2009213N16130","WP","09:00:00","TS","17.05","123.34","","","","","","993","29","992","30","992"
"GONI","2009213N16130","WP","12:00:00","TS","17.15","122.52","","994","","","","994","29","992","30","992"
"GONI","2009213N16130","WP","15:00:00","TS","17.19","121.60","","","","","","994","29","992","30","992"
"GONI","2009213N16130","WP","18:00:00","TS","17.29","120.55","","994","20","1007","","994","29","992","30","992"
"GONI","2009213N16130","WP","21:00:00","TS","17.42","119.46","","","20","1007","","994","29","992","30","992"
"GONI","2009213N16130","WP","2009-08-02 00:00:00","TS","17.52","118.50","","994","20","1007","","994","29","992","30","992"
"GONI","2009213N16130","WP","03:00:00","TS","17.58","117.80","","","22","1005","","993","31","992","31","991"
"GONI","2009213N16130","WP","06:00:00","TS","17.65","117.28","","992","25","1004","","992","34","992","32","991"
"GONI","2009213N16130","WP","09:00:00","TS","17.71","116.89","","","25","998","","992","34","992","32","991"
"GONI","2009213N16130","WP","12:00:00","TS","17.80","116.62","","992","25","993","","992","34","992","32","991"
"GONI","2009213N16130","WP","15:00:00","TS","17.92","116.40","","","27","992","","992","34","992","32","991"
"GONI","2009213N16130","WP","18:00:00","TS","18.07","116.25","","992","30","991","","992","34","992","32","991"
"GONI","2009213N16130","WP","21:00:00","TS","18.24","116.16","","","30","989","","993","34","992","32","991"
"GONI","2009213N16130","WP","2009-08-03 00:00:00","TS","18.47","116.08","","994","30","988","","994","34","992","32","991"
"GONI","2009213N16130","WP","03:00:00","TS","18.84","115.94","","","30","989","","994","34","992","32","991"
"GONI","2009213N16130","WP","06:00:00","TS","19.23","115.78","","994","30","990","","994","34","992","32","991"
"GONI","2009213N16130","WP","09:00:00","TS","19.51","115.60","","","30","990","","993","34","991","33","990"
"GONI","2009213N16130","WP","12:00:00","TS","19.75","115.35","35","992","30","990","35","992","34","990","35","990"
"GONI","2009213N16130","WP","15:00:00","TS","19.96","114.94","","","32","991","35","992","36","990","35","990"
"GONI","2009213N16130","WP","18:00:00","TS","20.15","114.55","35","992","35","992","35","992","38","990","35","990"
"GONI","2009213N16130","WP","21:00:00","TS","20.35","114.33","","","37","991","35","992","41","987","37","987"
"GONI","2009213N16130","WP","2009-08-04 00:00:00","TS","20.58","114.20","35","992","40","991","35","992","44","985","40","985"
"GONI","2009213N16130","WP","03:00:00","TS","20.85","114.08","","","40","993","37","991","46","982","42","982"
"GONI","2009213N16130","WP","06:00:00","TS","21.12","113.95","40","990","40","996","40","990","48","980","45","980"
"GONI","2009213N16130","WP","09:00:00","TS","21.34","113.76","","","40","994","40","990","51","977","47","977"
"GONI","2009213N16130","WP","12:00:00","TS","21.50","113.53","40","990","40","993","40","990","54","975","50","975"
"GONI","2009213N16130","WP","15:00:00","TS","21.62","113.27","","","42","991","40","990","51","977","50","977"
"GONI","2009213N16130","WP","18:00:00","TS","21.70","113.03","40","990","45","989","40","990","48","980","50","980"
"GONI","2009213N16130","WP","21:00:00","TS","21.75","112.84","","","35","996","40","990","48","980","50","980"
"GONI","2009213N16130","WP","2009-08-05 00:00:00","TS","21.80","112.70","40","990","25","1004","40","990","48","980","50","980"
"GONI","2009213N16130","WP","03:00:00","TS","21.90","112.57","","","25","1004","40","990","46","982","47","982"
"GONI","2009213N16130","WP","06:00:00","TS","22.00","112.45","40","990","25","1004","40","990","44","985","45","985"
"GONI","2009213N16130","WP","09:00:00","TS","22.05","112.34","","","22","1005","40","990","41","985","42","985"
"GONI","2009213N16130","WP","12:00:00","TS","22.08","112.23","40","990","20","1007","40","990","38","985","40","986"
"GONI","2009213N16130","WP","15:00:00","TS","22.08","112.12","","","17","1008","37","990","36","985","37","986"
"GONI","2009213N16130","WP","18:00:00","TS","22.07","111.98","35","990","15","1010","35","990","34","985","35","987"
"GONI","2009213N16130","WP","21:00:00","TS","22.08","111.74","","","15","1010","35","990","34","985","35","987"
"GONI","2009213N16130","WP","2009-08-06 00:00:00","TS","22.08","111.48","35","990","15","1010","35","990","34","985","35","988"
"GONI","2009213N16130","WP","03:00:00","TS","22.06","111.24","","","15","1010","","990","34","985","32","988"
"GONI","2009213N16130","WP","06:00:00","TS","21.97","110.98","","990","15","1010","","990","34","985","30","989"
"GONI","2009213N16130","WP","09:00:00","TS","21.77","110.63","","","15","1010","","990","36","984","30","989"
"GONI","2009213N16130","WP","12:00:00","TS","21.50","110.33","","990","15","1010","","990","38","983","30","989"
"GONI","2009213N16130","WP","15:00:00","TS","21.26","110.17","","","17","1008","","990","38","983","30","989"
"GONI","2009213N16130","WP","18:00:00","TS","21.02","110.05","","990","20","1007","","990","38","983","30","989"
"GONI","2009213N16130","WP","21:00:00","TS","20.81","109.89","","","20","1007","","990","43","977","30","989"
"GONI","2009213N16130","WP","2009-08-07 00:00:00","TS","20.60","109.70","","990","20","1007","","990","48","972","30","989"
"GONI","2009213N16130","WP","03:00:00","TS","20.39","109.46","","","20","1007","","990","51","972","30","989"
"GONI","2009213N16130","WP","06:00:00","TS","20.20","109.23","35","990","20","1007","35","990","54","972","30","989"
"GONI","2009213N16130","WP","09:00:00","TS","20.03","109.03","","","22","1005","35","990","49","978","30","989"
"GONI","2009213N16130","WP","12:00:00","TS","19.88","108.85","35","990","25","1004","35","990","44","985","30","989"
"GONI","2009213N16130","WP","15:00:00","TS","19.71","108.68","","","30","999","35","990","41","985","32","987"
"GONI","2009213N16130","WP","18:00:00","TS","19.55","108.53","35","990","35","994","35","990","38","985","35","985"
"GONI","2009213N16130","WP","21:00:00","TS","19.39","108.41","","","32","997","35","990","38","985","35","985"
"GONI","2009213N16130","WP","2009-08-08 00:00:00","TS","19.20","108.30","35","990","30","1000","35","990","38","985","35","985"
"GONI","2009213N16130","WP","03:00:00","TS","18.98","108.15","","","30","999","","991","36","985","35","985"
"GONI","2009213N16130","WP","06:00:00","TS","18.72","108.08","","992","30","999","","992","34","985","35","985"
"GONI","2009213N16130","WP","09:00:00","TS","18.41","108.10","","","25","1003","","992","34","985","35","985"
"GONI","2009213N16130","WP","12:00:00","TS","18.12","108.35","","992","20","1007","","992","34","985","35","985"
"GONI","2009213N16130","WP","15:00:00","TS","17.89","108.94","","","20","1007","","993","31","987","35","985"
"GONI","2009213N16130","WP","18:00:00","TS","17.78","109.75","","994","20","1007","","994","29","990","35","985"
"GONI","2009213N16130","WP","21:00:00","TS","17.78","110.56","","","","","","994","29","990","32","987"
"GONI","2009213N16130","WP","2009-08-09 00:00:00","TS","17.96","111.23","","994","","","","994","29","990","30","990"
"GONI","2009213N16130","WP","03:00:00","TS","18.35","111.92","","","","","","994","27","991","27","991"
"GONI","2009213N16130","WP","06:00:00","TS","18.80","112.55","","994","","","","994","25","992","25","992"
"GONI","2009213N16130","WP","09:00:00","TS","19.08","112.98","","","","","","994","22","993","",""
"GONI","2009213N16130","WP","12:00:00","TS","19.30","113.28","","994","","","","994","19","994","",""
"GONI","2009213N16130","WP","15:00:00","TS","19.60","113.57","","","","","","994","","","",""
"GONI","2009213N16130","WP","18:00:00","TS","19.90","113.80","","994","","","","994","","","",""
"GONI","2009213N16130","WP","21:00:00","TS","20.16","114.04","","","","","","995","","","",""
"GONI","2009213N16130","WP","2009-08-10 00:00:00","TS","20.40","114.30","","996","","","","996","","","",""
